{
  "hash": "7ef69a2e",
  "configHash": "8fb86c97",
  "lockfileHash": "00a15686",
  "browserHash": "cf366e02",
  "optimized": {
    "@angular/core": {
      "src": "../../../../../node_modules/@angular/core/fesm2022/core.mjs",
      "file": "@angular_core.js",
      "fileHash": "d038bd98",
      "needsInterop": false
    },
    "@angular/platform-browser": {
      "src": "../../../../../node_modules/@angular/platform-browser/fesm2022/platform-browser.mjs",
      "file": "@angular_platform-browser.js",
      "fileHash": "bc5610d2",
      "needsInterop": false
    },
    "@angular/router": {
      "src": "../../../../../node_modules/@angular/router/fesm2022/router.mjs",
      "file": "@angular_router.js",
      "fileHash": "9804b9eb",
      "needsInterop": false
    }
  },
  "chunks": {
    "chunk-TGFELFBG": {
      "file": "chunk-TGFELFBG.js"
    },
    "chunk-4SRVQOJF": {
      "file": "chunk-4SRVQOJF.js"
    }
  }
}